unique_id,pK,sdf_file,pdb_file,graph_id,preds_0,preds_1,preds_2,preds_3,preds_4,preds_5,preds_6,preds_7,preds_8,preds_9,preds
3ao4,2.07,data/example_database/3ao4.sdf,data/example_database/3ao4.pdb,0,2.8026102,3.0358145,3.5468812,3.0697906,3.0411115,3.5760145,2.8796575,3.3968863,4.0265923,3.554192,3.2929554
3gv9,2.12,data/example_database/3gv9.sdf,data/example_database/3gv9.pdb,1,3.8186662,3.2156353,3.944148,3.2239633,3.5797455,4.070376,3.5997877,3.2036111,3.4478738,3.2721722,3.5375981
1uto,2.27,data/example_database/1uto.sdf,data/example_database/1uto.pdb,2,3.420525,2.9241183,3.0260425,2.728464,3.5270443,2.933231,2.6428802,2.2614658,2.8168504,3.2731192,2.955374
1ps3,2.28,data/example_database/1ps3.sdf,data/example_database/1ps3.pdb,3,5.098412,5.7009654,4.935738,5.3775907,4.911263,5.92525,5.245933,5.244873,5.346372,5.4778595,5.3264256
4ddk,2.29,data/example_database/4ddk.sdf,data/example_database/4ddk.pdb,4,3.871319,4.436296,3.0571964,3.700714,3.851077,3.2060843,4.102192,3.078437,3.7260995,3.710319,3.6739738
4jsz,2.3,data/example_database/4jsz.sdf,data/example_database/4jsz.pdb,5,6.017107,5.2242966,5.7236176,5.0147123,4.1277843,5.4044714,4.1130295,4.5386353,5.0998535,5.4975276,5.0761037
3dxg,2.4,data/example_database/3dxg.sdf,data/example_database/3dxg.pdb,6,3.8972833,3.370014,3.69225,3.4435623,3.4532084,3.7559252,3.4867723,3.6451917,3.6819568,3.2923398,3.5718503
3l7b,2.4,data/example_database/3l7b.sdf,data/example_database/3l7b.pdb,7,2.8643477,2.903538,3.060374,2.9733996,2.6969903,2.5849912,2.4194648,2.9204185,2.9290907,2.7259037,2.8078516
3kgp,2.57,data/example_database/3kgp.sdf,data/example_database/3kgp.pdb,8,2.6471312,3.5500126,2.823168,3.1872265,3.209171,3.0060213,2.5944397,3.0022972,2.9641788,3.5346034,3.0518248
3fcq,2.77,data/example_database/3fcq.sdf,data/example_database/3fcq.pdb,9,4.67714,5.129601,5.5238705,5.0565934,5.108383,5.239383,4.89529,3.8255599,5.4403944,5.008886,4.99051
3lka,2.82,data/example_database/3lka.sdf,data/example_database/3lka.pdb,10,5.8980327,5.9134846,6.0857534,5.2274995,4.709185,5.6436977,6.4301105,5.2353077,5.5046463,5.897927,5.654565
3zt2,2.84,data/example_database/3zt2.sdf,data/example_database/3zt2.pdb,11,4.7201834,5.064339,5.1046066,5.449865,4.680692,5.1976423,4.6967416,5.2987695,5.6207523,4.306714,5.014031
3udh,2.85,data/example_database/3udh.sdf,data/example_database/3udh.pdb,12,3.221763,3.0764558,3.004055,3.455398,3.2963274,3.073484,3.3266854,2.812894,3.3564107,3.5483496,3.2171826
3g31,2.89,data/example_database/3g31.sdf,data/example_database/3g31.pdb,13,2.8789694,3.1359215,2.4547794,3.5109658,3.5090501,3.9781032,4.4913735,3.6877937,4.135514,4.1098638,3.5892334
4llx,2.89,data/example_database/4llx.sdf,data/example_database/4llx.pdb,14,3.3441308,3.0185094,2.8741915,3.018036,3.1245174,3.1702514,2.9772978,3.196379,3.0953457,3.3160121,3.1134672
4u4s,2.92,data/example_database/4u4s.sdf,data/example_database/4u4s.pdb,15,5.2307134,4.930782,5.0078864,4.713989,4.3826547,5.3905087,5.2709484,4.7600517,4.742934,5.104402,4.953487
4owm,2.96,data/example_database/4owm.sdf,data/example_database/4owm.pdb,16,4.6353106,3.8282807,3.359572,4.288122,3.913438,4.014491,4.024913,4.445117,4.201562,3.8777094,4.0588517
5aba,2.98,data/example_database/5aba.sdf,data/example_database/5aba.pdb,17,3.127493,3.244522,3.3818014,3.1931672,3.389117,2.6606805,2.9312928,3.194113,3.1993904,3.27839,3.1599967
2xdl,3.1,data/example_database/2xdl.sdf,data/example_database/2xdl.pdb,18,5.267925,5.5508347,5.006678,5.418768,4.769975,5.4572487,6.5168905,4.959256,5.9423556,5.2907243,5.4180655
4kz6,3.1,data/example_database/4kz6.sdf,data/example_database/4kz6.pdb,19,4.242875,4.754081,4.5714884,6.0536203,3.693248,5.4126725,5.3516374,6.3890553,4.6504083,3.5156105,4.86347
3aru,3.22,data/example_database/3aru.sdf,data/example_database/3aru.pdb,20,4.0193744,4.1657004,4.8010364,3.9707372,4.34564,3.9048336,4.562112,4.2641826,4.1124506,4.351939,4.2498007
1bcu,3.28,data/example_database/1bcu.sdf,data/example_database/1bcu.pdb,21,4.888644,4.8719635,4.2068887,4.02773,4.2584953,5.1150527,4.2640758,3.9502769,4.2545342,4.2081113,4.4045777
3zsx,3.28,data/example_database/3zsx.sdf,data/example_database/3zsx.pdb,22,3.6723578,4.1087346,3.996155,4.163518,3.7249508,4.920027,4.4994583,4.561263,4.051761,4.766512,4.246474
4ddh,3.3,data/example_database/4ddh.sdf,data/example_database/4ddh.pdb,23,4.5711303,4.483751,4.3331714,3.5861788,3.9534113,3.97791,4.095838,4.422246,4.1660857,4.97144,4.256116
4eky,3.52,data/example_database/4eky.sdf,data/example_database/4eky.pdb,24,3.2607617,3.4763513,4.1092043,3.443307,3.421293,3.1415718,4.1346164,3.8397555,3.6979792,3.8884473,3.6413288
4abg,3.57,data/example_database/4abg.sdf,data/example_database/4abg.pdb,25,3.9805768,4.1765976,4.3157573,4.342539,4.717865,3.831275,3.7790668,4.134932,4.7498198,3.817807,4.1846232
5a7b,3.57,data/example_database/5a7b.sdf,data/example_database/5a7b.pdb,26,5.1056986,5.866423,5.6075892,5.2662096,5.859097,5.5927153,5.7226253,5.0820394,5.763907,5.1799135,5.504622
3dx1,3.58,data/example_database/3dx1.sdf,data/example_database/3dx1.pdb,27,5.04512,5.4087014,5.057604,5.346053,5.5671453,4.936646,5.7635508,4.5444303,5.819979,4.5793824,5.2068615
4bkt,3.62,data/example_database/4bkt.sdf,data/example_database/4bkt.pdb,28,3.7075157,3.304589,3.5659637,3.877503,3.6338725,3.7244296,3.408935,3.5378919,4.0293875,3.6273768,3.6417465
2v00,3.66,data/example_database/2v00.sdf,data/example_database/2v00.pdb,29,3.4236526,3.4980874,3.6421733,3.6310313,3.6931567,4.0343285,3.9586983,4.039268,3.4242609,4.0789194,3.7423577
4cig,3.67,data/example_database/4cig.sdf,data/example_database/4cig.pdb,30,6.063276,5.919818,5.608579,5.7943916,4.477392,5.317918,5.8116126,6.547306,5.7060137,6.0973005,5.7343607
3n7a,3.7,data/example_database/3n7a.sdf,data/example_database/3n7a.pdb,31,4.0508165,3.5970078,4.261893,3.6912997,4.110244,4.1256795,3.9114296,4.0314474,3.8346086,4.4341817,4.004861
3d6q,3.76,data/example_database/3d6q.sdf,data/example_database/3d6q.pdb,32,4.028077,3.922184,4.101157,3.9686923,4.0049605,3.9332485,3.8394904,3.845752,3.911096,4.004698,3.9559357
2hb1,3.8,data/example_database/2hb1.sdf,data/example_database/2hb1.pdb,33,3.8116057,4.32519,4.0096784,4.175647,4.009961,4.3738217,3.9891176,4.412498,4.5095515,4.572037,4.2189107
3twp,3.92,data/example_database/3twp.sdf,data/example_database/3twp.pdb,34,4.8147388,3.7156181,3.6981635,4.1438055,4.7953067,4.155153,4.255854,4.537527,4.6967583,4.2725596,4.3085485
4agn,3.97,data/example_database/4agn.sdf,data/example_database/4agn.pdb,35,4.5809593,5.4383864,5.011622,4.9554677,4.881157,4.84571,4.4505267,4.1357512,5.1860523,5.062132,4.854777
1c5z,4.01,data/example_database/1c5z.sdf,data/example_database/1c5z.pdb,36,4.0628757,3.6261573,3.8357124,4.3499017,4.1111016,3.5112183,3.66996,4.0453434,3.950696,3.8439856,3.9006953
3nq9,4.03,data/example_database/3nq9.sdf,data/example_database/3nq9.pdb,37,4.7383733,5.5908866,6.123731,5.4231553,5.5218015,5.419299,4.86829,5.475239,5.210228,5.1623926,5.353339
2w66,4.05,data/example_database/2w66.sdf,data/example_database/2w66.pdb,38,6.175568,5.2998614,5.0131636,4.82813,4.8714623,5.7500496,5.6571174,5.704975,5.427953,5.493865,5.4222145
3kwa,4.08,data/example_database/3kwa.sdf,data/example_database/3kwa.pdb,39,5.402661,6.2697535,7.164213,6.1186833,6.646274,7.0957813,4.834254,5.7255893,5.0519066,5.863903,6.017302
3g2n,4.09,data/example_database/3g2n.sdf,data/example_database/3g2n.pdb,40,3.6831696,3.96047,3.8545744,4.2041345,3.761337,4.139314,4.1232777,4.0978723,3.7767925,4.169807,3.977075
4cr9,4.1,data/example_database/4cr9.sdf,data/example_database/4cr9.pdb,41,4.8912764,4.058531,3.9173067,3.8983269,3.7251668,4.6006646,3.9680796,3.3812265,3.9767072,4.6974044,4.111469
3ozt,4.13,data/example_database/3ozt.sdf,data/example_database/3ozt.pdb,42,6.8729467,6.124713,5.78324,5.61349,5.97761,6.8829045,6.4709635,6.3972297,6.991653,6.9735885,6.408834
1a30,4.3,data/example_database/1a30.sdf,data/example_database/1a30.pdb,43,4.675761,5.2188797,4.839979,5.8673406,5.8981724,4.327815,5.4288964,5.875036,5.222735,4.9748755,5.2329493
3ivg,4.3,data/example_database/3ivg.sdf,data/example_database/3ivg.pdb,44,5.7027736,6.4027705,6.1797853,5.887503,5.566946,5.9409256,6.14406,6.052726,5.826951,6.123818,5.9828253
3u9q,4.38,data/example_database/3u9q.sdf,data/example_database/3u9q.pdb,45,5.036134,5.2275443,5.617926,5.1418343,4.747863,4.7918468,5.1970525,5.4119835,5.090367,5.207961,5.1470513
3rsx,4.41,data/example_database/3rsx.sdf,data/example_database/3rsx.pdb,46,4.699236,3.956671,4.462598,4.543318,4.4791594,4.639198,4.655359,4.854798,4.3847957,4.6745377,4.5349674
3pxf,4.43,data/example_database/3pxf.sdf,data/example_database/3pxf.pdb,47,5.918234,5.4760137,5.949561,5.519335,5.758576,5.4384894,5.371914,5.8320975,5.5837297,5.0047107,5.5852656
2wbg,4.45,data/example_database/2wbg.sdf,data/example_database/2wbg.pdb,48,5.892631,6.165436,6.0512247,5.98184,5.7561946,6.0968413,5.721905,6.0200644,6.1954923,6.1543775,6.0036006
4w9c,4.65,data/example_database/4w9c.sdf,data/example_database/4w9c.pdb,49,4.74337,5.0513477,4.765626,4.727856,4.5012193,4.885127,4.8403735,5.009253,4.7447977,5.025119,4.829409
3mss,4.66,data/example_database/3mss.sdf,data/example_database/3mss.pdb,50,3.9720929,4.977134,4.3133664,5.32708,4.5148196,4.3927655,4.383626,4.849572,4.576213,4.7419734,4.6048646
4agp,4.69,data/example_database/4agp.sdf,data/example_database/4agp.pdb,51,4.83854,5.3863516,5.022871,5.347676,5.253886,5.270908,4.8391547,4.767222,5.404761,4.874139,5.1005507
4mgd,4.69,data/example_database/4mgd.sdf,data/example_database/4mgd.pdb,52,6.8544364,6.4661813,7.371507,7.382949,6.7903776,7.006164,6.979305,6.1046205,7.0120587,7.5991483,6.956675
1vso,4.72,data/example_database/1vso.sdf,data/example_database/1vso.pdb,53,5.5154314,6.246677,5.8382297,5.7523346,5.6916986,6.0046406,5.4523234,6.0320396,6.2250347,6.4074206,5.916583
4jxs,4.74,data/example_database/4jxs.sdf,data/example_database/4jxs.pdb,54,5.300025,5.3683753,5.9015293,4.8806877,5.630243,5.995187,5.121035,5.5502243,5.5042067,5.0816197,5.4333134
1q8t,4.76,data/example_database/1q8t.sdf,data/example_database/1q8t.pdb,55,5.403967,6.418019,5.727171,5.5701857,5.9867067,6.219788,5.1468863,5.7532425,5.526005,5.89535,5.764732
3acw,4.76,data/example_database/3acw.sdf,data/example_database/3acw.pdb,56,6.308421,6.1621118,6.2630873,5.843378,6.055776,6.113732,6.4856176,6.1475124,5.9073663,6.0694685,6.135648
3r88,4.82,data/example_database/3r88.sdf,data/example_database/3r88.pdb,57,4.2974644,3.6550221,4.100889,4.762145,4.1226344,4.5751824,4.068273,3.7998765,5.046456,4.503846,4.293179
4ciw,4.82,data/example_database/4ciw.sdf,data/example_database/4ciw.pdb,58,4.83386,4.6379905,4.4434886,4.744248,4.839157,5.535638,5.7992268,4.39692,5.044425,5.137767,4.9412723
2w4x,4.85,data/example_database/2w4x.sdf,data/example_database/2w4x.pdb,59,5.109399,4.7867255,5.662067,5.7986555,5.65543,6.226164,4.742626,5.112954,4.9209948,6.027084,5.40421
2brb,4.86,data/example_database/2brb.sdf,data/example_database/2brb.pdb,60,5.645801,5.3390617,5.7711954,5.489642,5.3283954,5.3604107,4.952739,5.084707,5.353817,5.3082848,5.3634057
1p1q,4.89,data/example_database/1p1q.sdf,data/example_database/1p1q.pdb,61,6.9011292,6.725554,6.6408663,6.546248,6.3129854,6.651599,6.523987,6.5365176,6.6015844,7.268234,6.6708703
3d4z,4.89,data/example_database/3d4z.sdf,data/example_database/3d4z.pdb,62,5.7025285,5.3419924,5.589463,5.7390547,5.5952063,5.748777,5.83654,5.57024,5.9218426,5.3608804,5.6406527
1bzc,4.92,data/example_database/1bzc.sdf,data/example_database/1bzc.pdb,63,4.783228,5.2522497,5.926392,6.0796866,4.906635,6.1342535,5.915778,5.5355797,5.7074823,5.9044237,5.614571
4agq,5.01,data/example_database/4agq.sdf,data/example_database/4agq.pdb,64,4.8826313,5.1791697,4.949705,4.821335,4.543574,4.911501,4.5926175,4.896081,5.1177893,5.0090623,4.8903465
4w9l,5.02,data/example_database/4w9l.sdf,data/example_database/4w9l.pdb,65,5.63831,6.0543227,6.2358856,5.806288,5.942535,6.1191287,5.992695,6.521257,6.0183735,6.259149,6.0587945
2yge,5.06,data/example_database/2yge.sdf,data/example_database/2yge.pdb,66,5.7588735,5.8149753,5.6431966,6.0951524,5.6266966,6.4381723,5.6748905,6.4962363,5.8796835,6.3304505,5.975833
2r9w,5.1,data/example_database/2r9w.sdf,data/example_database/2r9w.pdb,67,5.6719246,5.371676,5.962913,5.5193734,5.2562733,5.086093,5.812749,5.515612,5.1689196,5.263998,5.462953
3gy4,5.1,data/example_database/3gy4.sdf,data/example_database/3gy4.pdb,68,4.154482,4.465115,4.342811,4.449341,3.9313166,4.1580286,4.315487,3.77635,3.7257383,4.0003295,4.1319
3syr,5.1,data/example_database/3syr.sdf,data/example_database/3syr.pdb,69,5.438838,5.271331,5.1475825,5.3884354,5.333082,5.2692127,5.5087876,5.2450843,5.8333554,5.2523685,5.368808
3zso,5.12,data/example_database/3zso.sdf,data/example_database/3zso.pdb,70,5.3032203,6.308736,5.5499372,5.833309,4.984575,5.673106,5.7416325,6.168896,5.057738,5.8330216,5.645417
2br1,5.14,data/example_database/2br1.sdf,data/example_database/2br1.pdb,71,5.986236,5.2849197,5.737953,5.810324,5.6272755,5.4375744,5.5513015,5.493955,5.605766,5.750903,5.628621
1s38,5.15,data/example_database/1s38.sdf,data/example_database/1s38.pdb,72,6.0569296,5.031489,7.1186104,5.2319717,5.989702,6.126638,5.8930774,5.8717003,5.791424,5.873361,5.89849
3b27,5.16,data/example_database/3b27.sdf,data/example_database/3b27.pdb,73,5.1968226,5.0873113,5.5894628,4.8777685,5.0112433,5.1336813,4.493004,5.1613507,4.8226814,5.432014,5.080534
4gkm,5.17,data/example_database/4gkm.sdf,data/example_database/4gkm.pdb,74,4.855956,6.161418,5.7241435,4.7911305,5.0986032,4.896899,5.590519,5.398527,5.496159,4.9158363,5.292919
4m0z,5.19,data/example_database/4m0z.sdf,data/example_database/4m0z.pdb,75,6.4813347,6.0786123,6.933814,6.2138405,5.904565,6.0160384,6.1896772,6.334069,6.899702,6.386209,6.343786
1w4o,5.22,data/example_database/1w4o.sdf,data/example_database/1w4o.pdb,76,5.202614,5.1889453,5.296714,5.374091,5.2348537,5.3399715,4.5185027,4.8050914,4.7639284,5.1353374,5.086005
3ueu,5.24,data/example_database/3ueu.sdf,data/example_database/3ueu.pdb,77,5.307638,6.2257485,6.4227004,5.810684,5.790467,5.7407045,5.388506,5.4102845,5.8824873,5.958018,5.793724
4ih7,5.24,data/example_database/4ih7.sdf,data/example_database/4ih7.pdb,78,5.638806,6.2426147,6.1847644,6.0155396,5.1815057,5.3966675,5.138806,5.295909,6.021311,6.7585554,5.787448
4jfs,5.27,data/example_database/4jfs.sdf,data/example_database/4jfs.pdb,79,5.8055005,5.948334,6.208122,5.9121885,5.530989,6.205203,5.900924,6.4421554,6.3484354,5.796698,6.009855
3ozs,5.33,data/example_database/3ozs.sdf,data/example_database/3ozs.pdb,80,6.865763,6.1948285,6.334234,6.699638,5.747275,6.360833,6.932908,7.4733806,6.9040895,6.653855,6.616681
3bv9,5.36,data/example_database/3bv9.sdf,data/example_database/3bv9.pdb,81,4.929515,5.8623137,5.2165704,4.982797,5.2104793,5.0634294,4.9165382,4.89711,5.4283013,5.178303,5.1685357
1gpk,5.37,data/example_database/1gpk.sdf,data/example_database/1gpk.pdb,82,6.2126784,5.6651435,6.071064,5.7521873,5.9857707,5.8243356,6.2800283,6.9291806,5.9267044,6.123139,6.0770235
1syi,5.44,data/example_database/1syi.sdf,data/example_database/1syi.pdb,83,5.6818223,6.026359,6.168894,6.4323096,6.2037067,6.0633407,5.8551846,5.606085,6.0544596,6.564823,6.0656986
2cbv,5.48,data/example_database/2cbv.sdf,data/example_database/2cbv.pdb,84,4.9273415,4.094564,4.8126607,5.6520844,5.2933598,4.5493603,2.9456794,4.6580863,4.2861614,4.083821,4.530312
1ydr,5.52,data/example_database/1ydr.sdf,data/example_database/1ydr.pdb,85,5.8975477,6.052319,6.024314,5.656953,5.701042,6.208168,6.0014834,6.2875624,5.9866853,5.897578,5.971366
3coz,5.57,data/example_database/3coz.sdf,data/example_database/3coz.pdb,86,6.3720517,6.8341513,6.554758,7.3908854,6.9466887,6.6440287,6.405631,6.7444677,7.131811,6.820375,6.784485
2wca,5.6,data/example_database/2wca.sdf,data/example_database/2wca.pdb,87,6.9958982,6.4847984,6.8174615,7.1582747,7.1153817,6.617205,6.3162637,6.485935,6.4754944,6.273912,6.674063
3u5j,5.61,data/example_database/3u5j.sdf,data/example_database/3u5j.pdb,88,5.686135,5.575684,5.5820904,5.7648377,5.916643,6.0896945,5.1955547,5.6303926,5.696532,5.648714,5.678628
4dli,5.62,data/example_database/4dli.sdf,data/example_database/4dli.pdb,89,6.6838226,6.947021,6.5157723,6.786784,7.413402,7.1141987,7.036892,6.6927204,7.325753,6.6174445,6.913381
1z9g,5.64,data/example_database/1z9g.sdf,data/example_database/1z9g.pdb,90,5.8192177,5.6808615,5.9059973,5.7220836,5.175028,6.2372684,5.8431005,6.0049443,5.687559,5.6920805,5.7768145
3arv,5.64,data/example_database/3arv.sdf,data/example_database/3arv.pdb,91,5.3980703,5.8780117,5.6263494,5.941658,5.6374707,6.158204,5.792874,5.601672,5.4592376,5.6111984,5.7104745
3n86,5.64,data/example_database/3n86.sdf,data/example_database/3n86.pdb,92,5.9148655,5.406488,5.9480376,5.6676626,5.327106,5.962443,5.6854424,5.958095,5.569682,5.6418853,5.708171
5c28,5.66,data/example_database/5c28.sdf,data/example_database/5c28.pdb,93,5.5429854,5.000165,5.568217,5.643246,5.4363947,5.62088,5.165402,5.129568,5.2405787,5.7904124,5.413785
1o5b,5.77,data/example_database/1o5b.sdf,data/example_database/1o5b.pdb,94,6.4668913,5.931695,6.8040123,5.8450623,6.164436,6.303858,6.173743,6.3581476,6.3991985,6.460573,6.2907615
2y5h,5.79,data/example_database/2y5h.sdf,data/example_database/2y5h.pdb,95,6.5046873,5.901064,6.026659,6.161144,5.800917,6.005975,6.0674796,6.464948,6.0700903,6.037929,6.1040893
3qqs,5.82,data/example_database/3qqs.sdf,data/example_database/3qqs.pdb,96,4.9567704,5.179842,5.2999773,4.8869114,4.7550354,5.150849,5.149476,5.3288884,5.1430078,4.866575,5.071733
3wz8,5.82,data/example_database/3wz8.sdf,data/example_database/3wz8.pdb,97,6.619126,6.67763,6.801984,6.871997,6.397077,6.555705,6.2854657,6.380654,6.272887,6.3805523,6.524308
4dld,5.82,data/example_database/4dld.sdf,data/example_database/4dld.pdb,98,5.8545337,6.1956058,5.755495,5.742423,5.2803473,6.053072,5.9894853,6.1694574,6.0564923,5.594238,5.869115
3ehy,5.85,data/example_database/3ehy.sdf,data/example_database/3ehy.pdb,99,6.069681,6.397921,7.141207,6.0471926,6.049817,5.7135844,5.326452,5.7293086,6.113159,6.3431473,6.093147
3uev,5.89,data/example_database/3uev.sdf,data/example_database/3uev.pdb,100,5.437847,5.9301915,6.409786,5.8181663,6.2136474,5.5061293,5.045796,5.864902,6.1266236,6.278761,5.863185
3ebp,5.91,data/example_database/3ebp.sdf,data/example_database/3ebp.pdb,101,5.586009,5.4153795,5.6142573,5.4263606,5.435186,5.5557613,5.736397,5.5794935,6.0994854,5.917181,5.636552
1o0h,5.92,data/example_database/1o0h.sdf,data/example_database/1o0h.pdb,102,5.4647765,5.019347,5.5327706,5.2575917,5.313466,5.583062,4.3690166,6.068697,5.6266804,4.7487574,5.298416
1q8u,5.96,data/example_database/1q8u.sdf,data/example_database/1q8u.pdb,103,7.4320354,7.393106,7.27934,7.1898685,7.231881,7.520183,6.961882,7.4384823,7.1025653,7.1407046,7.269004
4w9i,5.96,data/example_database/4w9i.sdf,data/example_database/4w9i.pdb,104,6.0234537,6.4699574,5.8976955,5.852276,5.903161,5.8427405,5.7043233,5.859647,6.1992507,6.14278,5.9895277
3ary,6.0,data/example_database/3ary.sdf,data/example_database/3ary.pdb,105,5.9657984,6.554686,5.8195076,6.43951,5.774473,5.771721,6.156772,5.666435,5.739042,5.864275,5.975222
3coy,6.02,data/example_database/3coy.sdf,data/example_database/3coy.pdb,106,6.694129,6.928715,6.7502112,7.3566194,6.8228574,7.0096784,6.525933,6.750603,7.067233,6.7303805,6.863636
3f3c,6.02,data/example_database/3f3c.sdf,data/example_database/3f3c.pdb,107,6.0723786,6.8470125,5.958828,6.032663,4.908937,5.636335,5.8204684,5.831593,6.8191843,5.824789,5.975219
2fxs,6.06,data/example_database/2fxs.sdf,data/example_database/2fxs.pdb,108,5.988473,5.8602314,6.8393855,6.4209146,6.3439603,5.8621235,6.13888,6.4530387,6.2610846,5.948645,6.2116733
4kzq,6.1,data/example_database/4kzq.sdf,data/example_database/4kzq.pdb,109,6.8845234,6.5955176,6.5129023,6.6828556,6.883367,6.741582,6.601871,6.681444,6.672218,6.7230077,6.6979284
2qnq,6.11,data/example_database/2qnq.sdf,data/example_database/2qnq.pdb,110,5.8005004,6.2155085,5.3826146,6.0338917,5.8611555,5.842234,6.051295,6.0926156,5.7675176,5.85965,5.8906984
1nc1,6.12,data/example_database/1nc1.sdf,data/example_database/1nc1.pdb,111,5.609958,5.707723,6.9329658,5.336194,6.5224223,7.027238,7.0697556,5.1020103,4.9588532,5.2369084,5.9504027
2wvt,6.12,data/example_database/2wvt.sdf,data/example_database/2wvt.pdb,112,5.912105,5.5275645,5.3698006,5.9211583,5.4841523,6.044963,5.7949185,5.7456536,6.2213154,4.984653,5.7006283
4wiv,6.26,data/example_database/4wiv.sdf,data/example_database/4wiv.pdb,113,6.4933286,6.182035,6.4746556,5.760001,6.3421564,6.21698,6.4567227,6.245337,6.3594823,6.0856304,6.2616324
3k5v,6.3,data/example_database/3k5v.sdf,data/example_database/3k5v.pdb,114,6.25205,6.825129,6.3205566,5.994982,5.5114326,6.743504,6.308396,5.8961897,5.992865,6.073225,6.1918335
3uew,6.31,data/example_database/3uew.sdf,data/example_database/3uew.pdb,115,5.5903134,6.106377,6.349387,6.1716356,5.8708167,5.7352743,5.3169928,5.572248,5.8268294,6.4224744,5.8962345
2zb1,6.32,data/example_database/2zb1.sdf,data/example_database/2zb1.pdb,116,5.9535236,6.5516815,6.568389,6.594819,5.821864,6.161135,6.6928015,6.198423,6.4761147,6.588873,6.3607626
2qbr,6.33,data/example_database/2qbr.sdf,data/example_database/2qbr.pdb,117,5.8049836,6.2351785,6.3903213,6.0687227,5.854507,6.0043974,6.279362,5.972307,6.3793435,6.5265145,6.151564
3arq,6.4,data/example_database/3arq.sdf,data/example_database/3arq.pdb,118,6.512443,5.950963,6.790532,5.774446,6.2910523,6.6109424,6.0027666,6.709663,5.9031715,6.5270753,6.3073053
2j78,6.42,data/example_database/2j78.sdf,data/example_database/2j78.pdb,119,4.9750376,4.835263,4.519284,4.8447313,5.4690194,4.9656563,5.311792,4.283529,4.2853684,5.445603,4.8935285
4ea2,6.44,data/example_database/4ea2.sdf,data/example_database/4ea2.pdb,120,6.3190813,6.6320934,6.207393,6.163279,6.401013,6.2421036,6.7836795,6.4266157,6.7959743,5.9590187,6.3930254
1r5y,6.46,data/example_database/1r5y.sdf,data/example_database/1r5y.pdb,121,6.249482,5.1643243,5.5661654,5.228736,6.430985,6.671778,5.6273975,5.483244,6.327391,5.996813,5.8746324
4m0y,6.46,data/example_database/4m0y.sdf,data/example_database/4m0y.pdb,122,6.842406,6.078705,6.6264267,5.365787,5.9227605,6.352981,5.655291,6.105061,6.2526894,6.0180297,6.1220136
1gpn,6.48,data/example_database/1gpn.sdf,data/example_database/1gpn.pdb,123,6.888692,6.6805325,6.253973,6.112997,6.5965385,6.286648,6.520586,6.489983,6.6087246,6.4143085,6.485298
2weg,6.5,data/example_database/2weg.sdf,data/example_database/2weg.pdb,124,6.3353305,6.8081865,6.704313,7.077924,6.695412,6.6034794,5.7505856,5.949237,6.991456,6.584956,6.5500884
4kzu,6.5,data/example_database/4kzu.sdf,data/example_database/4kzu.pdb,125,6.823863,6.6380076,6.5280833,6.8198943,6.365729,6.964786,6.8990126,6.7785244,6.561423,7.119359,6.749869
4mme,6.5,data/example_database/4mme.sdf,data/example_database/4mme.pdb,126,6.2750945,6.4996986,5.590982,6.399072,6.006831,6.2243834,6.240937,6.7835803,5.8407454,5.988972,6.1850295
3cj4,6.51,data/example_database/3cj4.sdf,data/example_database/3cj4.pdb,127,5.4473658,5.7979927,5.9761353,5.5299807,5.559499,5.593174,5.631947,6.0197144,6.0588403,6.1972704,5.781192
3uo4,6.52,data/example_database/3uo4.sdf,data/example_database/3uo4.pdb,128,6.4212046,6.924623,6.6632757,6.6579843,6.527954,6.8994613,7.105913,6.9779654,6.6540337,6.344426,6.7176833
3wtj,6.53,data/example_database/3wtj.sdf,data/example_database/3wtj.pdb,129,7.184142,6.662413,7.3941135,7.5970497,7.3929863,6.8547287,6.997662,6.9816732,6.966356,7.764527,7.1795654
3jvs,6.54,data/example_database/3jvs.sdf,data/example_database/3jvs.pdb,130,6.4380946,6.369685,6.5089803,6.986286,6.4061894,6.640131,6.8703895,6.622732,6.63677,6.724267,6.6203523
1k1i,6.58,data/example_database/1k1i.sdf,data/example_database/1k1i.pdb,131,5.883533,5.9491234,5.7226715,6.395432,5.4115257,5.802187,5.7664065,5.757252,5.981906,6.1824384,5.8852477
2yfe,6.63,data/example_database/2yfe.sdf,data/example_database/2yfe.pdb,132,6.073619,6.3291726,6.7984476,6.595612,6.4349346,6.616896,6.2915144,6.5391927,6.615711,6.6800184,6.497512
4k77,6.63,data/example_database/4k77.sdf,data/example_database/4k77.pdb,133,6.6468945,6.540459,7.0755634,6.7187357,6.902722,6.602246,6.7318077,6.421811,6.537201,6.8347826,6.7012224
2xj7,6.66,data/example_database/2xj7.sdf,data/example_database/2xj7.pdb,134,5.7229414,5.8609357,4.5920615,5.261349,5.0619626,5.2755494,4.410868,4.993177,5.2634907,5.567539,5.200988
2iwx,6.68,data/example_database/2iwx.sdf,data/example_database/2iwx.pdb,135,6.452184,6.55499,6.1205373,6.489289,6.946066,6.553589,6.2882347,6.491182,6.379374,6.110366,6.438581
4djv,6.72,data/example_database/4djv.sdf,data/example_database/4djv.pdb,136,6.964772,6.738294,6.8044934,6.7907596,6.851072,6.7530932,6.738016,6.7675114,7.0174403,6.7061195,6.8131576
4w9h,6.73,data/example_database/4w9h.sdf,data/example_database/4w9h.pdb,137,6.309981,6.357593,6.757939,5.8735957,6.293302,6.6161137,6.1918364,6.814414,6.353801,6.2618895,6.383047
4ogj,6.79,data/example_database/4ogj.sdf,data/example_database/4ogj.pdb,138,6.595314,6.6678195,6.5046654,6.9227543,6.417926,6.5486097,6.614666,6.7587023,6.698863,6.7781196,6.650744
1p1n,6.8,data/example_database/1p1n.sdf,data/example_database/1p1n.pdb,139,6.291137,6.417578,6.2973647,6.001976,7.405829,7.5334525,6.364342,6.3023906,7.134733,6.407856,6.6156664
3dx2,6.82,data/example_database/3dx2.sdf,data/example_database/3dx2.pdb,140,7.325323,6.169638,6.634576,7.436511,7.3119607,6.7755704,7.507399,7.060536,7.3172326,6.091055,6.9629807
2xnb,6.83,data/example_database/2xnb.sdf,data/example_database/2xnb.pdb,141,6.8719344,6.6565146,6.886007,6.636918,6.5151157,6.843657,6.7756367,6.593745,6.953547,6.866065,6.7599144
3n76,6.85,data/example_database/3n76.sdf,data/example_database/3n76.pdb,142,6.0430293,5.872876,6.2487407,5.7021947,6.490874,6.067758,6.1217046,6.0907116,6.5474114,6.064413,6.124971
3pyy,6.86,data/example_database/3pyy.sdf,data/example_database/3pyy.pdb,143,6.0338864,6.524572,6.2528853,6.5381627,6.611188,6.622665,6.707045,6.2738886,6.4760456,6.6511087,6.4691443
2zcr,6.87,data/example_database/2zcr.sdf,data/example_database/2zcr.pdb,144,7.832314,7.337023,7.7968874,7.2329483,7.7292414,7.0442543,7.469807,7.5958457,7.87448,7.5068603,7.5419655
3oe5,6.88,data/example_database/3oe5.sdf,data/example_database/3oe5.pdb,145,7.200916,6.804625,6.0439305,6.1785374,5.539039,6.6179843,6.8092804,6.1868486,6.540678,6.686294,6.460813
3jya,6.89,data/example_database/3jya.sdf,data/example_database/3jya.pdb,146,7.021403,6.890801,6.5980787,6.519264,6.538353,6.6337843,6.554196,6.3532,6.263125,6.3429966,6.5715203
3gbb,6.9,data/example_database/3gbb.sdf,data/example_database/3gbb.pdb,147,6.2960067,6.453789,6.881917,5.9325495,7.016406,7.0028625,6.6487117,6.1855445,6.309019,6.1305227,6.485733
3uex,6.92,data/example_database/3uex.sdf,data/example_database/3uex.pdb,148,5.5938845,6.495707,6.5221043,6.024473,6.22804,6.4911075,5.7715507,6.0991263,6.0336165,6.635977,6.1895585
4f9w,6.94,data/example_database/4f9w.sdf,data/example_database/4f9w.pdb,149,6.8965993,7.07977,6.967078,6.708532,6.7607093,7.0853906,6.8570504,6.9597116,6.9753237,6.960564,6.925073
2wer,7.05,data/example_database/2wer.sdf,data/example_database/2wer.pdb,150,7.1517696,6.3484397,6.809005,6.8453403,7.421981,7.811087,7.2018194,7.2806234,7.082347,6.3397284,7.0292144
1lpg,7.09,data/example_database/1lpg.sdf,data/example_database/1lpg.pdb,151,7.0457406,6.6046686,6.8528957,6.777607,6.337328,6.862299,6.835892,6.847629,7.1487765,6.8237348,6.8136573
3zdg,7.1,data/example_database/3zdg.sdf,data/example_database/3zdg.pdb,152,6.4775376,6.6567726,6.818035,6.6961236,6.8089237,6.6445107,6.742747,7.145554,6.3848248,6.433895,6.680893
1z95,7.12,data/example_database/1z95.sdf,data/example_database/1z95.pdb,153,6.6761703,6.933235,7.22621,6.9453354,7.0213556,6.943326,6.959765,6.9015827,7.1899395,7.4915237,7.0288444
1pxn,7.15,data/example_database/1pxn.sdf,data/example_database/1pxn.pdb,154,6.99888,6.8452415,7.0296583,6.710071,6.838386,6.759645,6.9261055,7.7681355,6.4288597,7.1071396,6.9412127
3f3d,7.16,data/example_database/3f3d.sdf,data/example_database/3f3d.pdb,155,5.470485,5.6930447,4.697039,5.805687,4.7340655,5.4007726,5.2239747,5.599439,6.0651455,5.8412523,5.45309
3tsk,7.17,data/example_database/3tsk.sdf,data/example_database/3tsk.pdb,156,7.135825,7.577807,7.5485487,7.40855,7.433625,7.738389,7.432252,7.070767,7.755928,7.751343,7.485303
2j7h,7.19,data/example_database/2j7h.sdf,data/example_database/2j7h.pdb,157,6.5091815,6.0131693,6.8046384,6.6385136,6.9149985,5.9977927,6.2809024,6.0059147,7.2466416,6.761812,6.517356
2xii,7.2,data/example_database/2xii.sdf,data/example_database/2xii.pdb,158,9.671972,8.727785,8.758996,9.284652,8.852826,9.127764,9.24752,9.067396,9.367448,8.701694,9.080805
4cra,7.22,data/example_database/4cra.sdf,data/example_database/4cra.pdb,159,6.954166,6.871878,7.1208987,5.918087,6.6392894,7.5154767,6.655403,7.3582106,7.2932425,6.716835,6.904349
4gfm,7.22,data/example_database/4gfm.sdf,data/example_database/4gfm.pdb,160,5.955497,5.8186655,5.041903,5.0928373,5.2878666,5.9213214,5.7312155,5.2097263,5.267579,5.988934,5.531554
1oyt,7.24,data/example_database/1oyt.sdf,data/example_database/1oyt.pdb,161,6.577412,7.4881005,7.147321,7.1577644,6.9557924,6.9096055,6.776601,7.0051236,7.463802,6.9900746,7.0471597
3p5o,7.26,data/example_database/3p5o.sdf,data/example_database/3p5o.pdb,162,7.184588,6.986007,7.33793,7.1843224,7.089944,7.011911,6.730948,7.2820606,7.4524746,7.462434,7.1722617
2vvn,7.3,data/example_database/2vvn.sdf,data/example_database/2vvn.pdb,163,7.5744767,7.19722,7.3669133,7.5016093,7.6326857,7.9388328,7.453491,7.711692,7.5971184,8.103116,7.6077156
1qf1,7.32,data/example_database/1qf1.sdf,data/example_database/1qf1.pdb,164,6.4971337,6.6793466,7.025542,6.0187216,6.629138,6.053237,6.4835467,6.573109,6.1228538,7.1399474,6.522258
1ydt,7.32,data/example_database/1ydt.sdf,data/example_database/1ydt.pdb,165,6.360942,6.799877,6.4757624,6.076833,6.12545,6.226134,6.4522786,6.2933407,6.3950853,6.425754,6.3631454
3pww,7.32,data/example_database/3pww.sdf,data/example_database/3pww.pdb,166,7.76919,8.223214,8.317027,8.260276,7.1277943,7.532417,7.8726797,7.2324586,8.3790045,7.025903,7.773997
1owh,7.4,data/example_database/1owh.sdf,data/example_database/1owh.pdb,167,6.3012476,6.213362,7.3465104,5.773075,6.322404,5.981828,6.7488313,6.4359283,6.654729,6.3985057,6.417642
2zy1,7.4,data/example_database/2zy1.sdf,data/example_database/2zy1.pdb,168,7.0901484,6.4498606,6.5047398,6.6492395,7.2350354,6.9493737,6.4320636,6.426265,6.640015,6.8334684,6.721021
3up2,7.4,data/example_database/3up2.sdf,data/example_database/3up2.pdb,169,7.3100457,7.511072,7.464205,7.1238055,7.4698515,7.5132504,7.7145514,7.4572287,7.2956963,7.2040153,7.406372
4j21,7.41,data/example_database/4j21.sdf,data/example_database/4j21.pdb,170,7.510925,7.291983,7.150281,7.1758327,7.1159716,7.1377234,7.008618,7.158369,7.1476917,7.4691286,7.216653
2xys,7.42,data/example_database/2xys.sdf,data/example_database/2xys.pdb,171,6.708451,6.375827,6.308813,6.7080393,6.9842167,7.1058264,5.216025,6.357092,7.2057,6.692948,6.5662947
2qbq,7.44,data/example_database/2qbq.sdf,data/example_database/2qbq.pdb,172,6.678198,7.1056795,6.922414,6.080212,6.3389106,7.0081754,6.9776306,6.79307,7.0335474,6.6495085,6.758734
3oe4,7.47,data/example_database/3oe4.sdf,data/example_database/3oe4.pdb,173,6.2891746,6.4587326,6.2752867,6.2351,5.173633,6.5177965,6.3955483,6.3998914,6.4022465,6.2033057,6.235071
2xb8,7.59,data/example_database/2xb8.sdf,data/example_database/2xb8.pdb,174,6.6982737,6.6280446,6.2018113,6.404625,6.2258687,5.7865124,6.2916293,6.7941804,6.940122,7.0690227,6.5040092
2c3i,7.6,data/example_database/2c3i.sdf,data/example_database/2c3i.pdb,175,7.3100266,7.2181845,7.4708314,7.245078,6.9561825,7.421249,7.1301923,7.3899703,6.9107246,7.2471504,7.229959
3f3e,7.7,data/example_database/3f3e.sdf,data/example_database/3f3e.pdb,176,6.494911,7.6763864,6.401775,7.1472244,6.8585954,7.3578715,7.486733,6.353736,7.118639,7.34242,7.0238295
1u1b,7.8,data/example_database/1u1b.sdf,data/example_database/1u1b.pdb,177,7.1033034,6.742296,6.941219,7.362909,7.086701,6.86479,6.5166574,6.521,7.192233,7.061768,6.939288
3qgy,7.8,data/example_database/3qgy.sdf,data/example_database/3qgy.pdb,178,7.061568,6.734969,7.2574472,7.1202636,7.226445,6.937483,6.5221457,6.5176115,6.7187114,7.484116,6.9580765
3ryj,7.8,data/example_database/3ryj.sdf,data/example_database/3ryj.pdb,179,7.9456253,7.365168,7.7481785,8.048809,8.007236,7.90984,7.911634,7.917923,7.971769,7.5732827,7.839946
4j3l,7.8,data/example_database/4j3l.sdf,data/example_database/4j3l.pdb,180,7.5938425,7.5609317,7.6140523,7.7162285,7.7352266,7.894882,7.9371743,7.5023456,7.5954657,7.887742,7.7037888
3prs,7.82,data/example_database/3prs.sdf,data/example_database/3prs.pdb,181,8.996121,8.30567,9.38942,8.414867,8.584728,8.7188225,8.216335,8.235525,9.039763,8.392495,8.6293745
4pcs,7.85,data/example_database/4pcs.sdf,data/example_database/4pcs.pdb,182,7.068693,7.658411,7.105065,6.229017,7.3294377,7.5341897,7.3959446,7.3628087,6.5604086,6.7841325,7.1028113
4hge,7.92,data/example_database/4hge.sdf,data/example_database/4hge.pdb,183,7.9963927,8.025303,8.26486,7.9641867,7.857954,8.185957,7.864074,8.3758,8.223896,8.030816,8.078924
1g2k,7.96,data/example_database/1g2k.sdf,data/example_database/1g2k.pdb,184,7.7932568,7.4445863,7.18522,7.74314,8.417792,8.164663,8.270446,8.103386,7.719483,7.357116,7.819909
2qe4,7.96,data/example_database/2qe4.sdf,data/example_database/2qe4.pdb,185,8.141485,7.7914658,8.133385,7.8941836,8.165271,7.719243,7.85158,8.043294,7.7597756,8.493515,7.9993196
3e92,8.0,data/example_database/3e92.sdf,data/example_database/3e92.pdb,186,7.9198885,7.999586,8.100646,7.9783854,8.049411,7.979722,8.052894,7.868422,7.996337,7.931225,7.987651
3fur,8.0,data/example_database/3fur.sdf,data/example_database/3fur.pdb,187,8.013737,7.7824244,8.087632,7.7647896,7.859147,7.8536496,7.696003,7.817132,8.076688,7.4891415,7.8440347
2cet,8.02,data/example_database/2cet.sdf,data/example_database/2cet.pdb,188,8.932414,8.623846,9.108947,9.249765,8.352506,8.34327,9.017577,8.609572,9.2890415,9.25387,8.87808
5tmn,8.04,data/example_database/5tmn.sdf,data/example_database/5tmn.pdb,189,6.000672,6.3984666,6.5477,6.8170867,6.7760787,5.975145,6.6278505,6.6855373,6.2006755,6.6334186,6.466263
3ag9,8.05,data/example_database/3ag9.sdf,data/example_database/3ag9.pdb,190,6.471122,5.441105,5.4668746,6.561205,5.9793262,6.6301165,5.697405,5.914389,7.1315618,6.3340793,6.162719
3kr8,8.1,data/example_database/3kr8.sdf,data/example_database/3kr8.pdb,191,7.9888005,7.9365993,8.137647,8.120932,7.872278,7.6268444,7.9928055,7.9389944,7.9092054,8.292068,7.981617
3nx7,8.1,data/example_database/3nx7.sdf,data/example_database/3nx7.pdb,192,8.127929,8.116288,8.097922,7.8571987,8.026743,8.079745,8.075669,8.201783,8.357354,8.525827,8.1466465
3fv2,8.11,data/example_database/3fv2.sdf,data/example_database/3fv2.pdb,193,6.9594483,7.5311904,8.000861,7.4268312,8.184228,7.5690775,7.2687516,7.292688,7.9287934,7.9348235,7.6096687
4eo8,8.15,data/example_database/4eo8.sdf,data/example_database/4eo8.pdb,194,7.5369234,8.287092,8.231081,7.946432,7.54139,7.4795246,7.772656,7.991245,8.177375,7.570508,7.8534226
1nvq,8.25,data/example_database/1nvq.sdf,data/example_database/1nvq.pdb,195,7.7832355,7.97063,8.008577,7.7477527,7.652854,7.7975683,7.7514067,7.955117,7.742076,7.649222,7.8058443
1h23,8.35,data/example_database/1h23.sdf,data/example_database/1h23.pdb,196,8.265021,8.35693,8.681484,8.705742,8.18889,8.0239525,8.359382,8.7927475,8.757589,8.425128,8.455687
2al5,8.4,data/example_database/2al5.sdf,data/example_database/2al5.pdb,197,7.755582,7.486131,7.285784,7.019709,7.079233,7.743227,6.9546747,7.0977116,7.1726875,7.82933,7.342407
2qbp,8.4,data/example_database/2qbp.sdf,data/example_database/2qbp.pdb,198,7.8269377,7.982256,7.8148637,7.6796107,7.5926127,7.478273,8.205429,7.687585,8.129712,7.937465,7.833474
2zda,8.4,data/example_database/2zda.sdf,data/example_database/2zda.pdb,199,6.8639135,7.1019535,7.4577656,7.166761,7.048007,7.7051497,7.267752,7.262119,7.702408,7.841485,7.341732
3b68,8.4,data/example_database/3b68.sdf,data/example_database/3b68.pdb,200,8.131362,8.008344,8.139124,7.9556813,8.185784,8.69658,7.699568,7.980609,8.285244,8.535827,8.161812
2xbv,8.43,data/example_database/2xbv.sdf,data/example_database/2xbv.pdb,201,8.129998,8.333871,8.441206,8.20157,8.3936615,8.575958,8.199607,8.513699,8.64089,8.694822,8.412528
3b1m,8.48,data/example_database/3b1m.sdf,data/example_database/3b1m.pdb,202,7.6808357,7.607188,8.03843,7.64576,8.028752,7.174414,7.833109,7.853127,7.8254204,7.5549674,7.724201
2fvd,8.52,data/example_database/2fvd.sdf,data/example_database/2fvd.pdb,203,8.703239,8.630984,8.747274,8.737769,8.274896,8.45772,8.378969,8.645742,8.78883,8.3535385,8.571896
2vw5,8.52,data/example_database/2vw5.sdf,data/example_database/2vw5.pdb,204,6.0971036,6.0264688,5.956842,6.103315,6.5090513,6.324492,6.0334053,5.9091797,6.493265,5.966388,6.1419516
2wn9,8.52,data/example_database/2wn9.sdf,data/example_database/2wn9.pdb,205,6.8175297,6.565166,7.0010185,6.639168,6.0555825,6.1671734,6.4419775,6.662338,6.5001254,6.3593397,6.5209417
3ejr,8.57,data/example_database/3ejr.sdf,data/example_database/3ejr.pdb,206,7.600831,7.842842,7.8184266,7.5527296,7.8412485,7.1083374,7.5995483,8.17251,7.034263,7.260361,7.58311
3u8k,8.66,data/example_database/3u8k.sdf,data/example_database/3u8k.pdb,207,6.595488,7.4792423,6.766753,7.291281,6.509104,6.568923,7.034918,7.1085863,6.6904817,7.0002947,6.9045076
2vkm,8.74,data/example_database/2vkm.sdf,data/example_database/2vkm.pdb,208,6.6138654,7.0514617,6.3141675,7.4165177,6.5203357,7.1967926,6.2535377,6.9282856,7.3447523,7.0047917,6.864451
2wtv,8.74,data/example_database/2wtv.sdf,data/example_database/2wtv.pdb,209,7.259373,7.342398,7.4851174,7.526673,7.3456655,7.398314,7.452105,7.28235,7.1603613,7.131077,7.3383436
3b5r,8.77,data/example_database/3b5r.sdf,data/example_database/3b5r.pdb,210,8.37511,8.440266,8.4243145,8.610046,8.18618,8.638428,8.078916,8.703411,8.43332,8.649839,8.453983
2zcq,8.82,data/example_database/2zcq.sdf,data/example_database/2zcq.pdb,211,7.023194,6.930328,6.623519,6.9660516,7.325424,6.9073033,6.2672653,6.5093827,6.2701907,6.9052105,6.7727866
3e93,8.85,data/example_database/3e93.sdf,data/example_database/3e93.pdb,212,8.812589,8.6386,8.118407,8.44835,8.457911,8.558933,8.583294,8.726994,8.813314,8.934193,8.609259
4k18,8.96,data/example_database/4k18.sdf,data/example_database/4k18.pdb,213,7.6060114,8.0402775,7.9364114,8.115758,8.3599415,8.101638,8.427698,8.70866,8.125942,8.350961,8.177331
2p4y,9.0,data/example_database/2p4y.sdf,data/example_database/2p4y.pdb,214,8.1669,7.823638,8.634437,8.287877,8.30787,8.60032,7.9437976,8.081496,8.225821,7.744526,8.181668
3dd0,9.0,data/example_database/3dd0.sdf,data/example_database/3dd0.pdb,215,8.725173,8.380743,8.649541,8.513398,8.693707,8.62497,8.547263,8.610069,8.896026,8.617557,8.625844
3nw9,9.0,data/example_database/3nw9.sdf,data/example_database/3nw9.pdb,216,6.573727,7.1558332,7.540012,7.517306,7.2101955,7.4228053,7.1808786,7.749689,7.344729,7.338186,7.303336
1qkt,9.04,data/example_database/1qkt.sdf,data/example_database/1qkt.pdb,217,8.436544,8.903099,8.7735405,8.725285,8.299392,8.069683,8.482677,8.464428,8.73315,8.211769,8.509956
1h22,9.1,data/example_database/1h22.sdf,data/example_database/1h22.pdb,218,8.149545,8.207714,8.430638,8.4328165,7.9736743,8.207451,8.419641,8.804192,8.901118,8.399281,8.392607
3gnw,9.1,data/example_database/3gnw.sdf,data/example_database/3gnw.pdb,219,7.339454,8.114804,7.5423074,7.6418886,7.427396,7.430859,7.367873,7.576135,7.8249803,7.623129,7.5888824
1sqa,9.21,data/example_database/1sqa.sdf,data/example_database/1sqa.pdb,220,8.258089,8.016207,8.452908,8.041873,8.425341,8.32481,8.6116495,8.3477545,8.054311,8.308949,8.284189
4jia,9.22,data/example_database/4jia.sdf,data/example_database/4jia.pdb,221,9.252032,8.784377,9.284965,9.243464,8.810588,9.331811,8.691459,9.355521,9.493982,9.304652,9.155285
3b65,9.27,data/example_database/3b65.sdf,data/example_database/3b65.pdb,222,8.157018,8.106571,8.055975,7.903566,8.385357,8.260471,8.041097,7.71824,7.46122,8.385674,8.047519
3fv1,9.3,data/example_database/3fv1.sdf,data/example_database/3fv1.pdb,223,8.507949,8.697426,8.795074,8.251651,8.765961,8.45839,8.851011,8.141909,9.01637,8.631802,8.611753
4qac,9.4,data/example_database/4qac.sdf,data/example_database/4qac.pdb,224,8.140115,8.157595,8.121187,7.569251,7.8557234,7.8809314,8.108779,8.111742,7.3885455,7.760136,7.909401
3g0w,9.52,data/example_database/3g0w.sdf,data/example_database/3g0w.pdb,225,8.79553,8.680689,8.749356,8.495544,8.927852,8.4170065,8.722435,8.929447,8.738296,8.790868,8.724703
2pog,9.54,data/example_database/2pog.sdf,data/example_database/2pog.pdb,226,9.127381,8.847243,9.11545,9.111044,8.960498,9.383781,8.79379,9.313094,9.176586,9.068641,9.089751
4gr0,9.55,data/example_database/4gr0.sdf,data/example_database/4gr0.pdb,227,9.074615,8.59569,8.859036,8.782161,8.296478,8.671506,8.27011,8.875353,8.445371,8.358016,8.622834
1eby,9.7,data/example_database/1eby.sdf,data/example_database/1eby.pdb,228,8.995802,8.850366,8.732626,8.847586,8.885569,8.5375595,9.054462,9.023811,9.141955,8.863409,8.893314
1z6e,9.72,data/example_database/1z6e.sdf,data/example_database/1z6e.pdb,229,9.258836,9.382724,9.011237,9.102792,8.81832,9.56228,9.588133,9.092883,9.013436,9.068985,9.189962
1e66,9.89,data/example_database/1e66.sdf,data/example_database/1e66.pdb,230,8.079313,8.188492,8.082451,8.048023,8.170325,7.683796,8.46093,7.8619523,8.202812,8.433409,8.12115
3u8n,10.17,data/example_database/3u8n.sdf,data/example_database/3u8n.pdb,231,6.70729,7.7892365,7.4352093,7.6567082,7.038895,6.882191,6.416245,7.302734,7.768786,6.81266,7.180995
4tmn,10.17,data/example_database/4tmn.sdf,data/example_database/4tmn.pdb,232,7.3688197,7.329579,7.187075,7.4804354,7.4663205,6.945829,7.6119213,7.2629313,7.517346,8.3356,7.450586
2p15,10.3,data/example_database/2p15.sdf,data/example_database/2p15.pdb,233,7.8775373,7.7211695,7.813734,7.648944,8.232168,8.168118,7.239672,7.35861,7.629219,7.700982,7.739016
4gid,10.77,data/example_database/4gid.sdf,data/example_database/4gid.pdb,234,8.284757,7.8585987,8.059381,8.391852,8.99831,8.744782,8.158026,9.067188,8.8801365,8.213806,8.465684
3utu,10.92,data/example_database/3utu.sdf,data/example_database/3utu.pdb,235,8.18535,8.094066,7.5994244,7.917101,7.163293,8.156269,7.80796,8.164839,7.571691,8.351422,7.901142
5c2h,11.09,data/example_database/5c2h.sdf,data/example_database/5c2h.pdb,236,10.656874,10.332082,10.961104,10.37386,10.9977045,11.258085,10.571328,11.011172,10.677945,10.967317,10.780747
1mq6,11.15,data/example_database/1mq6.sdf,data/example_database/1mq6.pdb,237,10.879011,10.757416,10.46985,11.10992,10.664662,10.617037,10.463676,10.826744,10.684004,11.140804,10.7613125
5dwr,11.22,data/example_database/5dwr.sdf,data/example_database/5dwr.pdb,238,9.304417,9.400113,10.381111,9.4712925,9.682013,9.695064,9.568923,9.809486,9.8550825,9.05001,9.621751
2x00,11.33,data/example_database/2x00.sdf,data/example_database/2x00.pdb,239,8.05341,8.152975,7.266933,7.50978,8.175653,7.281465,7.333914,6.9516487,7.307608,7.660357,7.569374
3o9i,11.82,data/example_database/3o9i.sdf,data/example_database/3o9i.pdb,240,11.354131,11.258798,11.327273,11.126991,11.1630535,11.3165245,11.7997875,11.281671,11.582073,11.272927,11.348322
